N,beta,T_used,JS4,JS4_stderr,JSKR,JSKR_stderr,p20,p20_stderr,acc
350,0.006,1.0,0.001458411373685236,6.787383192569498e-05,0.15020091987624432,0.0009813601346179471,0.9925288333333333,0.00027903336201911633,0.8087294117647058
