N,beta,T_used,JS4,JS4_stderr,JSKR,JSKR_stderr,p20,p20_stderr,acc
180,0.01,1.0,0.002705244813338934,9.920199239295037e-05,0.12824178234294578,0.000602621799028058,0.9980266666666666,0.00012689843208356458,0.7876588235294117
