N,beta,T_used,JS4,JS4_stderr,JSKR,JSKR_stderr,p20,p20_stderr,acc
350,0.0042,1.0,0.0015263876179885958,0.00010899032833811475,0.1515016393171543,0.0010031409800012134,0.99219975,0.00034831526812052917,0.8636235294117647
