N,beta,T_used,JS4,JS4_stderr,JSKR,JSKR_stderr,p20,p20_stderr,acc
180,0.0042,1.0,0.0024846295280050146,9.754898044055994e-05,0.12336192669892469,0.0007452972846184098,0.998248,0.00014123475298649863,0.9116470588235295
