N,beta,T_used,JS4,JS4_stderr,JSKR,JSKR_stderr,p20,p20_stderr,acc
180,0.002,1.0,0.0021875956973427114,6.990238881949557e-05,0.121146914264082,0.0006638337022257093,0.9985001666666667,8.998024610322821e-05,0.9574117647058824
