N,beta,T_used,JS4,JS4_stderr,JSKR,JSKR_stderr,p20,p20_stderr,acc
350,0.01,1.0,0.0024397566056897535,0.0001805282381705505,0.1574255307724776,0.0008760917192150512,0.9900795833333332,0.00045013936593339546,0.6718352941176471
