N,beta,T_used,JS4,JS4_stderr,JSKR,JSKR_stderr,p20,p20_stderr,acc
250,0.004,1.0,0.0017120750178504928,7.181517048630007e-05,0.1357088596098598,0.0007717164221643556,0.996286,0.00020262020292434146,0.8951764705882352
