N,beta,T_used,JS4,JS4_stderr,JSKR,JSKR_stderr,p20,p20_stderr,acc
250,0.01,1.0,0.00209886651414121,8.771725143825181e-05,0.14200917518994283,0.0007999750072303826,0.9950728333333334,0.0002257269864996984,0.7344941176470589
