N,beta,T_used,JS4,JS4_stderr,JSKR,JSKR_stderr,p20,p20_stderr,acc
350,0.0035,1.0,0.001321691255631276,6.543974360753245e-05,0.1490726825156742,0.0007969549996489259,0.9924086666666667,0.00032030745879715905,0.8860235294117647
