N,beta,T_used,JS4,JS4_stderr,JSKR,JSKR_stderr,p20,p20_stderr,acc
350,0.007,1.0,0.0015925173328177604,8.996788318027632e-05,0.15203123017697384,0.0009168228900222556,0.9918934999999999,0.0002467633456655853,0.7733529411764705
