N,beta,T_used,JS4,JS4_stderr,JSKR,JSKR_stderr,p20,p20_stderr,acc
250,0.001,1.0,0.0017130731989682339,8.227829280931907e-05,0.13382765684112785,0.0008679748127212892,0.9963069166666667,0.00017153931239181002,0.9728823529411764
