N,beta,T_used,JS4,JS4_stderr,JSKR,JSKR_stderr,p20,p20_stderr,acc
180,0.0044,1.0,0.0025100716497273154,0.00011816763635767689,0.12454389956562568,0.0008238491297262385,0.9981553333333333,0.0001102230108053192,0.9064941176470589
