N,beta,T_used,JS4,JS4_stderr,JSKR,JSKR_stderr,p20,p20_stderr,acc
250,0.006,1.0,0.0016542063280954474,6.273536540091978e-05,0.1365711145807688,0.0007902588275794566,0.9959519166666666,0.00021193822539696916,0.8409411764705883
