N,beta,T_used,JS4,JS4_stderr,JSKR,JSKR_stderr,p20,p20_stderr,acc
250,0.0035,1.0,0.001506889254465809,4.887602079883942e-05,0.1351441826541389,0.0005972008025032972,0.9965254166666666,0.00014737446322030662,0.9093176470588237
