N,beta,T_used,JS4,JS4_stderr,JSKR,JSKR_stderr,p20,p20_stderr,acc
250,0.0042,1.0,0.0016581681546595343,6.597355256937729e-05,0.13548938696609142,0.0007068231485861798,0.9964591666666666,0.00017520193975917198,0.8893176470588235
