N,beta,T_used,JS4,JS4_stderr,JSKR,JSKR_stderr,p20,p20_stderr,acc
250,0.0044,1.0,0.0018157574533854467,9.705530051073237e-05,0.1365828175676795,0.0008835685330005354,0.9961534166666666,0.00020792076935472742,0.8843882352941176
