N,beta,T_used,JS4,JS4_stderr,JSKR,JSKR_stderr,p20,p20_stderr,acc
180,0.006,1.0,0.0023785064744466433,8.17376143586821e-05,0.1234168094667626,0.0008212995523142581,0.998337,0.00011825821751712033,0.8785999999999999
