N,beta,T_used,JS4,JS4_stderr,JSKR,JSKR_stderr,p20,p20_stderr,acc
250,0.003,1.0,0.0019148829340387584,9.020282148400743e-05,0.1331567209532624,0.000792012512521529,0.9966933333333334,0.0002137154059416153,0.9221529411764706
