N,beta,T_used,JS4,JS4_stderr,JSKR,JSKR_stderr,p20,p20_stderr,acc
180,0.003,1.0,0.002419791577727751,9.718890137685142e-05,0.12472841417765818,0.0007800470951705906,0.9981635,9.752791577833736e-05,0.9357529411764706
