N,beta,T_used,JS4,JS4_stderr,JSKR,JSKR_stderr,p20,p20_stderr,acc
350,0.003,1.0,0.0013533414656937519,7.370927541492562e-05,0.14752207496125694,0.0008057665288104855,0.9926250833333333,0.00031227087726577545,0.8995647058823529
