N,beta,T_used,JS4,JS4_stderr,JSKR,JSKR_stderr,p20,p20_stderr,acc
180,0.001,1.0,0.0023066914994151347,7.792337323337473e-05,0.120404173799395,0.0006154237574480232,0.9985148333333334,8.59814952556233e-05,0.9795764705882354
