N,beta,T_used,JS4,JS4_stderr,JSKR,JSKR_stderr,p20,p20_stderr,acc
180,0.005,1.0,0.002343813947571838,9.255780809813312e-05,0.12399409376576562,0.0007465195502428859,0.9981307500000001,0.0001131990277097447,0.8984941176470589
