N,beta,T_used,JS4,JS4_stderr,JSKR,JSKR_stderr,p20,p20_stderr,acc
180,0.0035,1.0,0.002365474884226858,8.49018163410333e-05,0.12110932038351514,0.0006533658774065828,0.9987474166666666,0.00010879268395069692,0.9293647058823529
