N,beta,T_used,JS4,JS4_stderr,JSKR,JSKR_stderr,p20,p20_stderr,acc
350,0.001,1.0,0.0012745932682658207,7.262360911019512e-05,0.14432048288238278,0.0008152684625013041,0.9937803333333333,0.0002482266779448212,0.9678000000000001
