N,beta,T_used,JS4,JS4_stderr,JSKR,JSKR_stderr,p20,p20_stderr,acc
250,0.007,1.0,0.001634410567705977,7.018578797612042e-05,0.13798076469036602,0.0007320251058945405,0.9959088333333334,0.0001842921196986676,0.8150941176470589
