N,beta,T_used,JS4,JS4_stderr,JSKR,JSKR_stderr,p20,p20_stderr,acc
350,0.0044,1.0,0.0014539974043431393,8.866292693188249e-05,0.1491361460836331,0.0010462716897720813,0.99269375,0.0003698907792389535,0.8596235294117646
