N,beta,T_used,JS4,JS4_stderr,JSKR,JSKR_stderr,p20,p20_stderr,acc
350,0.005,1.0,0.0014467353940003755,9.893820512829888e-05,0.14947660797397208,0.0009416419593092729,0.9922786666666668,0.0003376980825194211,0.8369764705882353
