N,beta,T_used,JS4,JS4_stderr,JSKR,JSKR_stderr,p20,p20_stderr,acc
250,0.002,1.0,0.0019162439819646515,0.0001167790563686409,0.132311254248874,0.0008013547092848883,0.996597,0.00016925882666593198,0.9493411764705882
