N,beta,T_used,JS4,JS4_stderr,JSKR,JSKR_stderr,p20,p20_stderr,acc
180,0.004,1.0,0.0023106174864459847,8.740970031037728e-05,0.12237223016976762,0.0007232292416353411,0.9984736666666666,9.879019339271458e-05,0.9160823529411765
