N,beta,T_used,JS4,JS4_stderr,JSKR,JSKR_stderr,p20,p20_stderr,acc
350,0.004,1.0,0.001466881650856926,8.825223836546136e-05,0.14945901219826982,0.0010494155140018122,0.99235625,0.0003321595207641216,0.8678000000000001
