N,beta,T_used,JS4,JS4_stderr,JSKR,JSKR_stderr,p20,p20_stderr,acc
350,0.002,1.0,0.0012564076631427525,5.9004125729930556e-05,0.14547292501373293,0.0008419344382362416,0.9935875,0.00024968415717266477,0.9338588235294119
