N,beta,T_used,JS4,JS4_stderr,JSKR,JSKR_stderr,p20,p20_stderr,acc
180,0.007,1.0,0.002615686832984337,0.00012304302581152358,0.12588208902652362,0.0007945271520922448,0.99813175,0.000129120295995065,0.8522941176470589
