N,beta,T_used,JS4,JS4_stderr,JSKR,JSKR_stderr,p20,p20_stderr,acc
250,0.005,1.0,0.0018224662126742337,8.24881908838715e-05,0.13566169746998902,0.001042741233717036,0.9964186666666667,0.00019252430090484785,0.8714470588235294
